Customer ID,Customer Email,Purchase month,Number of user seats bought,Number of users added,Total number of logins,Customer Region,Total number of desktop sessions ran every month,Total number of mobile sessions ran every month,Month churned,Month repurchased
11001,poole@xyz.com,January,2,2,16,North America,30,16,,
11002,billy@yahoo.com,January,10,4,8,North America,68,12,February,
11003,sophie@yahoo.com,January,10,4,8,North America,40,4,February,
11004,howard@xyz.com,January,2,2,14,Europe,16,20,,
11005,stewart@yahoo.com,January,10,2,4,Asia,12,8,February,
11006,ince@xyz.com,January,5,5,30,North America,80,50,,
11007,lawrence@xyz.com,January,5,5,30,North America,15,45,,
11008,knox@xyz.com,January,5,5,40,North America,5,40,,
11009,lewis@xyz.com,January,5,5,45,North America,45,45,,
11010,ross@xyz.com,January,1,1,8,Europe,8,9,,
11011,arnold@xyz.com,January,5,5,30,Europe,40,50,,
11012,paterson@xyz.com,January,10,8,48,North America,8,64,,
11013,chapman@xyz.com,January,2,2,16,Europe,30,20,,
11014,knox@xyz.com,January,10,7,42,North America,70,70,,
11015,kristina@yahoo.com,January,1,1,1,North America,11,4,February,March
11016,timmy@yahoo.com,January,1,1,2,North America,5,2,February,April
11017,sharp@xyz.com,January,5,5,35,Europe,80,40,,
11018,lee@xyz.com,January,1,1,9,North America,14,8,,
11019,mcdonald@xyz.com,January,1,1,7,Europe,14,9,,
11020,parr@xyz.com,January,10,8,72,Europe,40,72,,
11021,joanna@yahoo.com,January,2,1,1,Asia,20,3,February,
11022,marco@yahoo.com,January,2,1,1,Asia,6,3,April,
11023,kerr@xyz.com,January,5,5,45,North America,40,45,,
11024,terrence@yahoo.com,January,1,1,1,Asia,7,5,February,
11025,walsh@xyz.com,January,2,2,12,North America,32,18,,
11026,abraham@xyz.com,January,5,5,35,North America,70,45,,
11027,nolan@xyz.com,January,2,2,12,Europe,32,18,,
11028,duncan@xyz.com,January,2,2,12,North America,18,16,,
11029,ruby@yahoo.com,January,10,3,3,North America,3,12,February,
11030,powell@xyz.com,January,2,2,18,North America,8,16,,
11031,mcgrath@xyz.com,January,10,8,48,North America,72,72,,
11032,lucas@yahoo.com,January,1,1,1,Asia,2,3,March,
11033,allan@xyz.com,January,2,2,12,North America,32,20,,
11034,churchill@xyz.com,January,1,1,8,North America,17,10,,
11035,black@xyz.com,January,5,5,30,Asia,45,50,,
11036,ferguson@xyz.com,January,10,10,60,North America,90,80,,
11037,cameron@xyz.com,January,1,1,9,Asia,1,10,,
11038,mclean@xyz.com,January,5,4,24,North America,12,32,,
11039,james@xyz.com,January,2,2,12,Asia,28,18,,
11040,wilbur@yahoo.com,January,2,1,2,Asia,12,3,March,
11041,cameron@xyz.com,January,2,2,18,North America,16,16,,
11042,underwood@xyz.com,January,10,8,64,North America,0,72,,
11043,chapman@xyz.com,January,1,1,8,North America,7,10,,
11044,grant@xyz.com,January,5,4,28,North America,72,40,,
11045,slater@xyz.com,January,2,2,16,North America,36,18,,
11046,roberts@xyz.com,January,1,1,6,Europe,9,8,,
11047,tucker@xyz.com,January,1,1,9,North America,16,8,,
11048,jeff@yahoo.com,January,5,1,1,Asia,3,2,February,
11049,orville@yahoo.com,January,5,1,1,North America,14,4,February,
11050,mackay@xyz.com,January,5,5,35,North America,35,50,,
11051,edmund@yahoo.com,January,1,1,1,North America,16,3,February,April
11052,edgar@yahoo.com,January,10,3,3,Asia,3,12,March,
11053,ince@xyz.com,January,2,2,18,North America,16,16,,
11054,shelly@yahoo.com,January,10,4,4,North America,40,4,February,
11055,alsop@xyz.com,January,1,1,9,North America,20,8,,
11056,may@xyz.com,January,1,1,9,Europe,16,9,,
11057,hart@xyz.com,January,10,9,54,Europe,144,72,,
11058,dwight@yahoo.com,January,5,1,2,Asia,13,5,February,
11059,ellison@xyz.com,January,1,1,7,North America,3,8,,
11060,smith@xyz.com,January,5,3,24,North America,15,27,,
11061,bower@xyz.com,January,5,5,40,Asia,100,45,,
11062,walsh@xyz.com,January,10,8,64,Europe,0,64,,
11063,tucker@xyz.com,January,2,2,18,North America,28,16,,
11064,ball@xyz.com,January,10,10,80,North America,60,100,,
11065,glover@xyz.com,January,5,5,45,North America,65,45,,
11066,rees@xyz.com,January,10,9,72,Asia,108,81,,
11067,forsyth@xyz.com,January,5,5,45,North America,40,40,,
11068,edmunds@xyz.com,January,5,5,40,North America,25,40,,
11069,turner@xyz.com,January,2,2,18,North America,0,20,,
11070,macleod@xyz.com,January,5,5,45,Asia,70,50,,
11071,hill@xyz.com,January,2,2,16,Europe,18,20,,
11072,duncan@xyz.com,January,10,8,64,Europe,8,64,,
11073,ogden@xyz.com,January,2,2,12,Europe,16,20,,
11074,mackenzie@xyz.com,January,5,5,30,North America,45,50,,
11075,graham@xyz.com,January,1,1,6,North America,5,9,,
11076,russell@xyz.com,January,2,2,14,North America,6,20,,
11077,ogden@xyz.com,January,1,1,7,North America,11,9,,
11078,white@xyz.com,January,2,2,18,North America,30,18,,
11079,maryann@yahoo.com,January,2,1,2,Asia,4,2,February,
11080,amelia@yahoo.com,January,1,1,1,North America,6,1,February,
11081,watson@xyz.com,January,2,2,12,North America,14,18,,
11082,sean@yahoo.com,January,2,1,2,Asia,18,5,February,
11083,skinner@xyz.com,January,5,5,45,North America,90,45,,
11084,johnston@xyz.com,January,5,4,36,Europe,12,32,,
11085,nolan@xyz.com,January,10,9,63,North America,135,72,,
11086,heidi@yahoo.com,January,1,1,1,Europe,12,2,February,
11087,skinner@xyz.com,January,1,1,7,North America,15,10,,
11088,lambert@xyz.com,January,2,2,14,North America,4,18,,
11089,jones@xyz.com,January,10,7,42,North America,56,70,,
11090,wilson@xyz.com,January,2,2,18,Asia,20,18,,
11091,macdonald@xyz.com,January,10,10,70,North America,130,80,,
11092,james@xyz.com,January,1,1,7,North America,15,9,,
11093,coleman@xyz.com,January,10,10,90,North America,120,90,,
11094,esther@yahoo.com,January,2,1,1,Asia,17,4,April,
11095,hunter@xyz.com,January,10,7,63,Europe,112,63,,
11096,ross@xyz.com,January,5,5,45,North America,65,45,,
11097,watson@xyz.com,January,10,10,90,North America,120,90,,
11098,vance@xyz.com,January,2,2,16,Europe,14,20,,
11099,stewart@xyz.com,January,10,7,42,North America,105,70,,
11100,parsons@xyz.com,January,10,7,42,North America,84,70,,
11101,caroline@yahoo.com,January,1,1,1,Europe,7,1,February,
11102,avery@xyz.com,January,10,7,42,North America,56,56,,
11103,mathis@xyz.com,January,5,5,40,North America,35,50,,
11104,juanita@yahoo.com,January,1,1,2,North America,17,4,February,March
11105,janis@yahoo.com,January,2,1,2,Asia,5,3,April,
11106,ellison@xyz.com,January,2,2,14,Asia,26,16,,
11107,fraser@xyz.com,January,10,10,90,North America,100,100,,
11108,gina@yahoo.com,January,1,1,1,Asia,20,4,March,
11109,kelly@xyz.com,January,5,5,40,Europe,75,50,,
11110,mitchell@xyz.com,January,10,7,49,Europe,70,56,,
11111,rampling@xyz.com,January,10,7,49,North America,112,70,,
11112,forsyth@xyz.com,January,1,1,9,North America,15,9,,
11113,sarah@yahoo.com,January,1,1,1,Europe,2,5,February,
11114,dallas@yahoo.com,January,1,1,2,Asia,12,3,February,
11115,robertson@xyz.com,January,10,7,56,North America,140,56,,
11116,lewis@xyz.com,January,10,8,64,North America,104,72,,
11117,marshall@xyz.com,January,5,5,45,Europe,0,40,,
11118,johnston@xyz.com,January,5,5,40,Asia,65,50,,
11119,walsh@xyz.com,January,2,2,18,North America,36,20,,
11120,knox@xyz.com,January,1,1,7,North America,17,9,,
11121,skinner@xyz.com,January,2,2,18,North America,30,18,,
11122,mills@xyz.com,January,1,1,7,North America,11,10,,
11123,allen@yahoo.com,January,1,1,2,Asia,17,5,February,
11124,bailey@xyz.com,January,10,8,48,North America,64,72,,
11125,kayla@yahoo.com,January,1,1,1,Europe,6,5,February,April
11126,morgan@xyz.com,January,5,5,35,North America,95,40,,
11127,dowd@xyz.com,January,1,1,8,North America,8,8,,
11128,shirley@yahoo.com,January,5,1,1,North America,6,5,February,
11129,sue@yahoo.com,January,1,1,1,Asia,10,1,March,
11130,oliver@xyz.com,January,10,8,64,Asia,48,72,,
11131,lillie@yahoo.com,January,10,2,4,Asia,8,4,February,
11132,morrison@xyz.com,January,1,1,8,North America,17,8,,
11133,martin@xyz.com,January,2,2,12,North America,28,18,,
11134,reid@xyz.com,January,10,8,72,North America,56,64,,
11135,earnest@yahoo.com,January,5,1,1,Asia,7,4,February,
11136,otis@yahoo.com,January,1,1,1,Asia,8,1,February,
11137,payne@xyz.com,January,2,2,16,Europe,8,18,,
11138,ince@xyz.com,January,10,10,70,Asia,90,80,,
11139,rees@xyz.com,January,5,5,30,North America,80,45,,
11140,carrie@yahoo.com,January,2,1,1,Asia,15,1,February,
11141,clark@xyz.com,January,1,1,8,Asia,14,10,,
11142,hart@xyz.com,January,10,9,63,North America,63,90,,
11143,underwood@xyz.com,January,5,4,32,North America,44,40,,
11144,cornish@xyz.com,January,2,2,12,North America,24,20,,
11145,jerald@yahoo.com,January,1,1,1,Asia,10,1,February,
11146,henderson@xyz.com,January,5,5,45,North America,30,45,,
11147,micheal@yahoo.com,January,5,1,2,Asia,9,2,February,
11148,dean@yahoo.com,January,1,1,2,North America,2,4,February,
11149,graham@xyz.com,January,5,5,45,Europe,75,50,,
11150,quinn@xyz.com,January,10,7,63,Europe,42,56,,
11151,rutherford@xyz.com,January,5,5,35,North America,45,40,,
11152,lee@xyz.com,January,5,4,28,North America,68,36,,
11153,smith@xyz.com,January,5,4,28,Europe,72,40,,
11154,muriel@yahoo.com,January,5,1,1,Asia,8,3,March,
11155,lana@yahoo.com,January,1,1,1,North America,13,5,February,March
11156,pullman@xyz.com,January,10,7,42,Asia,98,70,,
11157,forsyth@xyz.com,January,2,2,16,Europe,40,20,,
11158,watson@xyz.com,January,2,2,14,North America,24,18,,
11159,piper@xyz.com,January,10,9,63,North America,27,72,,
11160,thomson@xyz.com,January,5,5,40,Europe,20,50,,
11161,april@yahoo.com,January,1,1,2,North America,17,5,February,March
11162,andres@yahoo.com,January,1,1,2,Europe,0,3,February,
11163,mills@xyz.com,January,10,8,56,Europe,144,80,,
11164,rudy@yahoo.com,January,10,3,6,Asia,39,9,February,
11165,sutherland@xyz.com,January,1,1,6,Europe,4,8,,
11166,mcgrath@xyz.com,January,2,2,16,North America,40,16,,
11167,vaughan@xyz.com,January,10,9,54,North America,27,90,,
11168,jackson@xyz.com,January,1,1,9,Europe,19,9,,
11169,reid@xyz.com,January,10,7,42,Europe,91,70,,
11170,margarita@yahoo.com,January,1,1,2,Asia,0,3,March,
11171,kelly@xyz.com,January,2,2,18,North America,6,18,,
11172,sutherland@xyz.com,January,5,4,28,North America,76,36,,
11173,elisa@yahoo.com,January,10,3,3,Asia,21,9,February,
11174,chapman@xyz.com,January,1,1,7,Asia,4,10,,
11175,manning@xyz.com,January,2,2,18,Europe,22,20,,
11176,miller@xyz.com,January,2,2,18,North America,34,18,,
11177,forrest@yahoo.com,January,1,1,1,Asia,6,4,April,
11178,robertson@xyz.com,January,10,7,49,North America,21,56,,
11179,mitchell@xyz.com,January,2,2,12,North America,14,16,,
11180,lawrence@xyz.com,January,5,4,36,North America,20,40,,
11181,james@xyz.com,January,2,2,16,Europe,2,18,,
11182,enrique@yahoo.com,January,1,1,1,Asia,14,2,April,
11183,james@xyz.com,January,2,2,12,North America,22,16,,
11184,hamilton@xyz.com,January,5,4,32,North America,68,36,,
11185,russell@xyz.com,January,1,1,9,North America,8,8,,
11186,robertson@xyz.com,January,10,7,42,North America,84,56,,
11187,parsons@xyz.com,January,2,2,18,North America,10,18,,
11188,randall@xyz.com,January,10,9,72,North America,9,72,,
11189,bell@xyz.com,January,1,1,9,North America,5,9,,
11190,lawrence@xyz.com,January,10,8,48,North America,112,80,,
11191,lawrence@xyz.com,January,1,1,8,North America,16,9,,
11192,morgan@xyz.com,January,1,1,6,Asia,18,8,,
11193,lee@xyz.com,January,5,5,35,North America,25,50,,
11194,gray@xyz.com,January,2,2,16,North America,6,20,,
11195,ferguson@xyz.com,January,5,4,36,Asia,12,36,,
11196,graham@xyz.com,January,10,7,56,North America,49,70,,
11197,harris@xyz.com,January,2,2,14,Europe,36,16,,
11198,ellison@xyz.com,January,10,8,56,North America,32,72,,
11199,hill@xyz.com,January,5,5,45,Europe,40,40,,
11200,della@yahoo.com,January,1,1,1,North America,3,2,February,
11201,wilma@yahoo.com,January,1,1,1,Europe,16,3,February,
11202,roberts@xyz.com,January,5,4,24,North America,72,32,,
11203,graham@xyz.com,January,2,2,14,North America,26,20,,
11204,north@xyz.com,January,2,2,16,Asia,14,20,,
11205,terry@xyz.com,January,1,1,6,North America,10,8,,
11206,ross@xyz.com,January,10,7,42,Europe,126,56,,
11207,ernesto@yahoo.com,January,2,1,1,North America,18,2,February,April
11208,harry@yahoo.com,January,10,2,4,North America,36,8,February,
11209,christopher@yahoo.com,January,5,1,1,North America,12,1,February,
11210,north@xyz.com,January,10,8,72,North America,32,80,,
11211,clark@xyz.com,January,2,2,12,North America,6,18,,
11212,randall@xyz.com,January,1,1,7,North America,0,9,,
11213,harris@xyz.com,January,5,5,45,North America,25,40,,
11214,poole@xyz.com,January,1,1,9,Europe,20,10,,
11215,james@xyz.com,January,5,4,24,Europe,44,36,,
11216,lora@yahoo.com,January,1,1,2,Europe,17,1,February,
11217,fisher@xyz.com,January,10,8,48,North America,80,80,,
11218,baker@xyz.com,January,5,4,36,North America,0,40,,
11219,hill@xyz.com,January,10,9,72,North America,90,90,,
11220,cameron@xyz.com,January,2,2,16,Asia,12,20,,
11221,matt@yahoo.com,January,1,1,2,Asia,18,1,March,
11222,rosemarie@yahoo.com,January,10,2,4,North America,28,6,February,
11223,vanessa@yahoo.com,January,1,1,1,Asia,10,3,March,
11224,grady@yahoo.com,January,2,1,1,North America,1,2,February,
11225,abraham@xyz.com,January,10,9,81,North America,144,72,,
11226,bell@xyz.com,January,10,9,81,North America,126,90,,
11227,simon@yahoo.com,January,5,1,1,North America,7,3,February,
11228,reid@xyz.com,January,2,2,16,Europe,34,18,,
11229,white@xyz.com,January,1,1,9,North America,9,10,,
11230,campbell@xyz.com,January,1,1,6,North America,1,8,,
11231,stewart@xyz.com,January,2,2,12,Europe,0,4,,
11232,clarkson@xyz.com,January,1,1,6,Europe,12,10,,
11233,kathryn@yahoo.com,January,1,1,1,North America,7,4,February,
11234,tara@yahoo.com,January,10,2,2,Asia,0,6,February,
11235,miller@xyz.com,January,5,5,40,North America,25,40,,
11236,peters@xyz.com,January,1,1,8,North America,18,10,,
11237,coleman@xyz.com,January,2,2,18,North America,36,18,,
11238,burgess@xyz.com,January,5,4,24,North America,16,32,,
11239,churchill@xyz.com,January,10,10,70,North America,0,80,,
11240,sharp@xyz.com,January,2,2,14,Europe,22,18,,
11241,lyman@xyz.com,January,10,9,54,Europe,171,72,,
11242,henry@yahoo.com,January,5,1,1,Asia,2,5,February,
11243,knox@xyz.com,January,2,2,14,North America,12,16,,
11244,rosa@yahoo.com,January,1,1,1,Asia,16,3,February,
11245,bailey@xyz.com,January,10,9,54,Europe,144,81,,
11246,hughes@xyz.com,January,2,2,16,North America,40,16,,
11247,johnston@xyz.com,January,10,7,42,North America,0,63,,
11248,hudson@xyz.com,January,5,4,24,North America,44,40,,
11249,davidson@xyz.com,January,5,5,40,North America,80,45,,
11250,peters@xyz.com,January,10,9,63,North America,18,72,,
11251,graham@xyz.com,January,2,2,16,North America,20,18,,
11252,may@xyz.com,January,2,2,18,Europe,0,16,,
11253,taylor@xyz.com,January,2,2,16,North America,18,18,,
11254,cameron@xyz.com,January,10,10,70,North America,40,80,,
11255,newman@xyz.com,January,2,2,16,Europe,18,20,,
11256,macleod@xyz.com,January,2,1,6,Europe,10,8,,
11257,hill@xyz.com,January,2,2,18,North America,32,16,,
11258,johnston@xyz.com,January,5,4,24,Europe,76,32,,
11259,greene@xyz.com,January,1,1,6,Europe,16,9,,
11260,christina@yahoo.com,January,1,1,1,Asia,2,4,February,
11261,mackenzie@xyz.com,January,2,2,14,North America,6,16,,
11262,rutherford@xyz.com,January,5,4,28,Europe,28,40,,
11263,oliver@xyz.com,January,2,2,12,Europe,26,20,,
11264,harris@xyz.com,January,5,5,40,North America,5,50,,
11265,payne@xyz.com,January,2,2,14,North America,36,20,,
11266,skinner@xyz.com,January,2,2,18,North America,32,20,,
11267,lyman@xyz.com,January,2,2,12,North America,2,20,,
11268,skinner@xyz.com,January,5,4,24,Europe,64,36,,
11269,jodi@yahoo.com,January,1,1,1,Asia,17,2,February,
11270,cameron@xyz.com,January,1,1,9,Asia,0,10,,
11271,duncan@xyz.com,January,5,5,35,North America,55,45,,
11272,mcdonald@xyz.com,January,10,10,70,North America,150,80,,
11273,johnston@xyz.com,January,2,2,12,Europe,32,20,,
11274,mitchell@yahoo.com,January,10,3,3,North America,24,15,February,
11275,carr@xyz.com,January,5,5,35,North America,70,40,,
11276,boyd@yahoo.com,January,1,1,2,Europe,11,5,February,
11277,grant@xyz.com,January,10,10,90,Asia,100,100,,
11278,mcdonald@xyz.com,January,10,9,54,Europe,162,90,,
11279,mildred@yahoo.com,January,5,1,1,Asia,0,5,March,
11280,scott@xyz.com,January,1,1,8,Europe,10,9,,
11281,paula@yahoo.com,January,10,3,3,North America,39,9,February,
11282,gibson@xyz.com,January,2,2,16,North America,22,18,,
11283,russell@xyz.com,January,2,2,14,Europe,38,20,,
11284,hugo@yahoo.com,January,1,1,2,Asia,8,2,February,
11285,randall@xyz.com,January,1,1,8,North America,7,9,,
11286,grant@xyz.com,January,2,2,12,Europe,16,16,,
11287,davidson@xyz.com,January,1,1,6,Europe,16,10,,
11288,edmunds@xyz.com,January,2,2,14,North America,14,20,,
11289,edmunds@xyz.com,January,10,9,54,Europe,36,72,,
11290,powell@xyz.com,January,5,5,35,North America,65,50,,
11291,ernest@yahoo.com,January,1,1,1,Europe,0,1,February,
11292,jan@yahoo.com,January,2,1,1,North America,11,5,February,
11293,carlos@yahoo.com,January,1,1,1,Europe,6,5,February,
11294,ross@xyz.com,January,10,10,70,North America,120,90,,
11295,macdonald@xyz.com,January,1,1,8,Europe,2,9,,
11296,sutherland@xyz.com,January,1,1,7,North America,11,10,,
11297,ellison@xyz.com,January,2,2,18,North America,20,18,,
11298,tracy@yahoo.com,January,10,4,8,Asia,80,16,February,
11299,maria@yahoo.com,January,1,1,1,Asia,15,4,February,
11300,gill@xyz.com,January,5,5,40,North America,65,45,,
11301,mackay@xyz.com,February,10,10,80,Asia,70,90,,
11302,russell@xyz.com,February,10,9,63,North America,9,90,,
11303,may@xyz.com,February,2,2,18,North America,24,20,,
11304,tracy@gmail.com,February,1,1,2,Asia,0,4,March,
11305,chris@gmail.com,February,2,1,1,North America,5,3,March,
11306,kerr@xyz.com,February,10,10,90,North America,150,100,,
11307,henderson@xyz.com,February,2,2,12,Europe,24,18,,
11308,sutherland@xyz.com,February,1,1,7,North America,14,8,,
11309,teresa@gmail.com,February,1,1,2,North America,7,5,April,
11310,vaughan@xyz.com,February,5,4,24,North America,32,40,,
11311,jane@yahoo.com,February,1,1,1,Asia,6,1,March,
11312,bower@xyz.com,February,1,1,8,North America,17,10,,
11313,roberts@xyz.com,February,1,1,7,Europe,14,9,,
11314,davies@xyz.com,February,1,1,6,North America,0,10,,
11315,pablo@gmail.com,February,1,1,1,North America,1,2,March,
11316,underwood@xyz.com,February,5,3,21,North America,45,30,,
11317,eunice@gmail.com,February,2,1,1,Europe,17,1,March,
11318,burgess@xyz.com,February,1,1,6,North America,11,8,,
11319,davidson@xyz.com,February,10,9,81,Asia,99,90,,
11320,edmunds@xyz.com,February,2,2,12,North America,10,20,,
11321,thelma@gmail.com,February,10,4,4,North America,12,4,March,
11322,hill@xyz.com,February,1,1,8,Europe,12,9,,
11323,ramon@gmail.com,February,2,1,1,North America,7,2,March,
11324,marshall@xyz.com,February,5,5,35,North America,15,45,,
11325,morrison@xyz.com,February,10,8,72,Asia,48,64,,
11326,janice@gmail.com,February,5,2,2,Europe,14,6,March,
11327,walsh@xyz.com,February,2,2,18,Europe,12,16,,
11328,kerr@xyz.com,February,5,5,35,Europe,70,45,,
11329,hill@xyz.com,February,10,10,80,North America,40,90,,
11330,natalie@gmail.com,February,2,1,1,North America,19,2,March,
11331,henderson@xyz.com,February,10,8,48,Europe,144,64,,
11332,oliver@xyz.com,February,5,4,36,North America,20,32,,
11333,greene@xyz.com,February,2,2,18,North America,32,16,,
11334,carlton@gmail.com,February,10,2,4,Europe,0,2,March,
11335,chapman@xyz.com,February,10,9,81,Europe,63,72,,
11336,clark@gmail.com,February,5,2,2,Europe,24,10,March,
11337,baker@xyz.com,February,5,5,35,North America,90,45,,
11338,james@xyz.com,February,10,7,63,North America,70,63,,
11339,campbell@xyz.com,February,10,7,63,Europe,133,56,,
11340,ricardo@gmail.com,February,2,1,2,North America,8,2,March,
11341,douglas@gmail.com,February,5,2,2,North America,34,2,March,
11342,kerr@xyz.com,February,10,7,63,Europe,63,63,,
11343,berry@xyz.com,February,2,2,14,Europe,36,18,,
11344,berry@xyz.com,February,10,8,56,North America,40,72,,
11345,faith@gmail.com,February,5,1,1,Asia,1,4,March,
11346,stewart@xyz.com,February,1,1,9,Europe,2,10,,
11347,paula@gmail.com,February,1,1,2,North America,14,1,April,
11348,newman@xyz.com,February,5,4,24,Europe,72,36,,
11349,king@xyz.com,February,10,10,90,Asia,50,80,,
11350,randall@xyz.com,February,1,1,9,North America,3,10,,
11351,violet@gmail.com,February,2,1,1,North America,9,5,March,
11352,parr@xyz.com,February,10,8,72,North America,24,64,,
11353,harris@xyz.com,February,1,1,7,North America,2,9,,
11354,wilkins@xyz.com,February,1,1,9,North America,19,8,,
11355,marshall@xyz.com,February,5,5,40,North America,100,50,,
11356,langdon@xyz.com,February,2,2,16,Europe,0,16,,
11357,wilkins@xyz.com,February,1,1,9,North America,20,9,,
11358,jones@xyz.com,February,10,9,72,Europe,18,81,,
11359,ball@xyz.com,February,10,9,81,North America,180,72,,
11360,allan@xyz.com,February,1,1,8,Asia,5,8,,
11361,arlene@gmail.com,February,5,2,1,Europe,26,4,March,
11362,gary@yahoo.com,February,1,1,1,Asia,12,3,March,
11363,ball@xyz.com,February,10,8,48,North America,40,64,,
11364,george@yahoo.com,February,1,1,2,Asia,17,1,March,
11365,rampling@xyz.com,February,5,4,28,Europe,60,40,,
11366,kelly@xyz.com,February,1,1,8,North America,11,10,,
11367,mcdonald@xyz.com,February,1,1,9,North America,4,8,,
11368,greene@xyz.com,February,1,1,7,Europe,12,8,,
11369,newman@xyz.com,February,10,10,60,Asia,120,90,,
11370,brittany@gmail.com,February,1,1,1,Europe,17,1,March,April
11371,miriam@gmail.com,February,2,1,2,North America,10,1,April,
11372,kelly@xyz.com,February,2,2,16,North America,38,20,,
11373,kendra@yahoo.com,February,1,1,2,Asia,1,4,March,
11374,wm@gmail.com,February,1,1,2,Asia,6,1,March,
11375,russell@xyz.com,February,2,1,6,Europe,2,9,,
11376,ince@xyz.com,February,2,2,14,North America,40,20,,
11377,randall@xyz.com,February,2,2,12,North America,20,18,,
11378,wright@xyz.com,February,2,2,16,North America,10,18,,
11379,blake@xyz.com,February,5,4,24,North America,80,36,,
11380,lillie@gmail.com,February,2,1,1,North America,2,2,March,
11381,alberta@gmail.com,February,5,2,4,North America,8,10,April,
11382,timothy@gmail.com,February,1,1,1,North America,1,2,April,
11383,welch@xyz.com,February,2,2,18,Europe,6,16,,
11384,margaret@gmail.com,February,5,2,4,North America,36,8,April,
11385,yvette@gmail.com,February,2,1,1,North America,11,5,March,
11386,fisher@xyz.com,February,1,1,8,North America,0,8,,
11387,chapman@xyz.com,February,1,1,9,Asia,5,8,,
11388,davies@xyz.com,February,5,4,24,Europe,60,36,,
11389,maureen@yahoo.com,February,1,1,1,Asia,8,2,March,
11390,brenda@yahoo.com,February,1,1,1,Asia,16,4,March,
11391,taylor@xyz.com,February,10,9,72,Europe,144,72,,
11392,rita@gmail.com,February,5,2,1,Asia,36,2,March,
11393,knox@xyz.com,February,2,2,12,Asia,40,20,,
11394,peake@xyz.com,February,10,9,72,North America,153,90,,
11395,roderick@gmail.com,February,2,1,2,Asia,5,4,March,
11396,howard@xyz.com,February,5,5,35,North America,25,40,,
11397,carr@xyz.com,February,5,5,45,Asia,50,45,,
11398,ellison@xyz.com,February,5,5,35,North America,25,45,,
11399,janet@yahoo.com,February,1,1,1,Asia,17,4,March,
11400,arnold@gmail.com,February,1,1,1,North America,13,5,April,
11401,tami@yahoo.com,February,1,1,1,Asia,6,2,March,
11402,taylor@xyz.com,February,2,2,16,Europe,26,16,,
11403,campbell@xyz.com,February,1,1,8,Asia,13,10,,
11404,sharp@xyz.com,February,5,4,28,Europe,80,40,,
11405,rutherford@xyz.com,February,10,10,90,North America,50,80,,
11406,carroll@yahoo.com,February,1,1,1,Asia,14,3,March,
11407,james@xyz.com,February,1,1,8,Europe,14,10,,
11408,robertson@xyz.com,February,1,1,7,North America,14,8,,
11409,martin@xyz.com,February,1,1,8,North America,1,9,,
11410,howard@yahoo.com,February,1,1,2,Asia,18,4,March,
11411,white@xyz.com,February,2,2,16,Asia,6,18,,
11412,herman@gmail.com,February,5,2,1,North America,26,10,March,
11413,white@xyz.com,February,1,1,9,North America,9,10,,
11414,nick@gmail.com,February,10,4,8,Asia,12,16,March,
11415,lewis@xyz.com,February,5,4,28,Europe,20,36,,
11416,jared@gmail.com,February,2,1,2,Europe,2,2,March,
11417,johnny@yahoo.com,February,1,1,1,Asia,15,4,March,
11418,nash@xyz.com,February,5,5,40,Europe,100,50,,
11419,eleanor@gmail.com,February,5,1,1,Asia,18,5,March,
11420,kimberly@gmail.com,February,10,2,2,Asia,34,4,March,
11421,miller@xyz.com,February,1,1,6,Asia,11,8,,
11422,hill@xyz.com,February,5,4,24,Europe,60,32,,
11423,wright@xyz.com,February,5,5,30,North America,80,45,,
11424,melissa@gmail.com,February,5,1,1,Asia,8,4,March,
11425,clarkson@xyz.com,February,5,4,36,Europe,56,40,,
11426,ed@gmail.com,February,2,1,2,North America,14,1,March,
11427,gill@xyz.com,February,1,1,9,Asia,5,8,,
11428,willis@gmail.com,February,1,1,1,North America,9,5,March,
11429,paterson@xyz.com,February,1,1,7,North America,3,8,,
11430,paige@xyz.com,February,1,1,8,North America,0,10,,
11431,emmett@gmail.com,February,2,1,1,Europe,19,1,March,April
11432,viola@gmail.com,February,1,1,1,Asia,18,2,March,
11433,buckland@xyz.com,February,1,1,8,Asia,9,8,,
11434,cornish@xyz.com,February,5,3,21,North America,12,30,,
11435,robertson@xyz.com,February,1,1,9,North America,6,10,,
11436,pamela@yahoo.com,February,1,1,1,Asia,3,4,March,
11437,jeremiah@gmail.com,February,1,1,1,Asia,1,2,March,
11438,lewis@xyz.com,February,5,4,32,North America,48,36,,
11439,alton@gmail.com,February,10,2,2,Asia,6,10,March,
11440,martin@xyz.com,February,1,1,8,Europe,9,10,,
11441,king@xyz.com,February,1,1,7,North America,5,8,,
11442,ross@xyz.com,February,5,4,36,Europe,80,36,,
11443,derek@gmail.com,February,1,1,2,Asia,5,5,March,
11444,melanie@gmail.com,February,5,2,2,North America,30,6,March,
11445,taylor@xyz.com,February,1,1,6,Europe,11,8,,
11446,berry@xyz.com,February,2,2,12,North America,10,18,,
11447,paterson@xyz.com,February,2,2,12,Europe,22,18,,
11448,newman@xyz.com,February,10,7,63,Europe,140,63,,
11449,gibson@xyz.com,February,5,4,36,North America,32,36,,
11450,bell@xyz.com,February,2,2,12,Europe,22,16,,
11451,bower@xyz.com,February,1,1,8,Europe,6,9,,
11452,ball@xyz.com,February,10,7,42,Europe,105,70,,
11453,clark@xyz.com,February,5,5,45,Europe,90,35,,
11454,marion@gmail.com,February,2,1,1,North America,19,4,March,
11455,alice@gmail.com,February,10,2,1,North America,38,6,March,
11456,carr@xyz.com,February,2,2,12,Europe,20,16,,
11457,jorge@gmail.com,February,10,3,6,Europe,45,6,March,
11458,avery@xyz.com,February,5,5,40,Europe,0,40,,
11459,cornish@xyz.com,February,2,2,18,North America,34,20,,
11460,lewis@xyz.com,February,5,5,35,Asia,10,50,,
11461,lambert@xyz.com,February,2,2,16,North America,2,16,,
11462,nadine@gmail.com,February,1,1,2,Asia,6,5,March,
11463,phyllis@gmail.com,February,2,1,1,Asia,14,5,March,
11464,ogden@xyz.com,February,5,5,40,Europe,100,50,,
11465,parr@xyz.com,February,10,10,70,Europe,170,80,,
11466,ramona@gmail.com,February,2,1,1,Europe,12,4,March,
11467,smith@xyz.com,February,2,2,16,Europe,34,20,,
11468,ogden@xyz.com,February,2,2,18,Asia,34,20,,
11469,ince@xyz.com,February,2,2,18,Europe,32,20,,
11470,todd@gmail.com,February,10,3,6,Europe,45,12,March,
11471,wallace@xyz.com,February,10,10,90,Europe,120,80,,
11472,langdon@xyz.com,February,10,7,56,North America,98,63,,
11473,lewis@xyz.com,February,2,2,16,North America,26,18,,
11474,lowell@gmail.com,February,10,4,8,North America,32,16,April,
11475,berry@xyz.com,February,1,1,9,Europe,8,8,,
11476,burgess@xyz.com,February,1,1,8,North America,12,8,,
11477,louis@gmail.com,February,1,1,1,North America,20,3,March,
11478,sutherland@xyz.com,February,2,2,14,North America,30,18,,
11479,wallace@xyz.com,February,5,4,32,Europe,32,32,,
11480,ferguson@xyz.com,February,2,2,12,Europe,0,18,,
11481,hunter@xyz.com,February,5,5,40,North America,55,45,,
11482,beth@gmail.com,February,10,3,3,North America,39,9,March,
11483,north@xyz.com,February,5,5,35,North America,80,45,,
11484,parr@xyz.com,February,1,1,9,Europe,13,8,,
11485,tabitha@gmail.com,February,10,3,6,Europe,51,6,March,
11486,lee@xyz.com,February,5,5,35,North America,15,50,,
11487,knox@xyz.com,February,5,5,35,North America,20,45,,
11488,anderson@xyz.com,February,10,9,72,North America,63,72,,
11489,dave@yahoo.com,February,1,1,1,Asia,4,5,March,
11490,simpson@xyz.com,February,5,5,35,North America,25,45,,
11491,reid@xyz.com,February,5,5,35,Europe,100,45,,
11492,jones@xyz.com,February,1,1,6,North America,17,8,,
11493,abraham@xyz.com,February,10,9,72,North America,45,72,,
11494,howard@xyz.com,February,2,2,18,Europe,12,18,,
11495,benjamin@gmail.com,February,5,2,2,Europe,34,4,March,
11496,ross@xyz.com,February,1,1,9,Asia,13,9,,
11497,rickey@gmail.com,February,1,1,1,North America,11,1,March,
11498,ernest@gmail.com,February,10,3,6,North America,9,12,March,
11499,roberts@xyz.com,February,1,1,8,North America,3,8,,
11500,greene@xyz.com,February,1,1,6,North America,1,9,,
11501,ross@xyz.com,February,2,2,18,North America,8,20,,
11502,kelly@xyz.com,February,5,4,28,North America,4,32,,
11503,stewart@gmail.com,February,2,1,1,Asia,8,3,March,
11504,ellison@xyz.com,February,2,2,12,Europe,4,20,,
11505,paterson@xyz.com,February,5,4,36,Europe,64,36,,
11506,langdon@xyz.com,February,2,2,14,North America,20,20,,
11507,springer@xyz.com,February,10,10,80,North America,0,100,,
11508,ted@gmail.com,February,1,1,1,North America,4,1,April,
11509,bell@xyz.com,February,2,2,16,North America,16,18,,
11510,mattie@gmail.com,February,2,1,1,Asia,3,4,March,
11511,ball@xyz.com,February,5,4,28,Europe,64,28,,
11512,duncan@xyz.com,February,10,10,70,North America,100,100,,
11513,sutherland@xyz.com,February,2,2,12,North America,24,20,,
11514,lewis@xyz.com,February,10,10,60,North America,130,90,,
11515,austin@gmail.com,February,5,1,1,Asia,0,1,March,
11516,bruce@gmail.com,February,2,1,1,North America,6,3,March,
11517,hughes@xyz.com,February,10,10,60,Europe,180,80,,
11518,walker@xyz.com,February,10,9,63,North America,36,72,,
11519,skinner@xyz.com,February,1,1,8,Europe,17,10,,
11520,marta@gmail.com,February,5,2,2,North America,34,8,March,
11521,anne@gmail.com,February,1,1,2,North America,0,1,April,
11522,alsop@xyz.com,February,1,1,9,Europe,8,9,,
11523,dyer@xyz.com,February,5,5,30,North America,65,50,,
11524,hamilton@xyz.com,February,1,1,9,North America,17,10,,
11525,turner@xyz.com,February,2,2,14,North America,10,18,,
11526,langdon@xyz.com,February,10,9,63,North America,0,72,,
11527,manning@xyz.com,February,1,1,6,Europe,0,9,,
11528,sutherland@xyz.com,February,2,2,12,Europe,16,16,,
11529,emily@yahoo.com,February,1,1,1,Asia,0,1,March,
11530,stuart@gmail.com,February,1,1,1,North America,16,5,March,
11531,stewart@xyz.com,February,10,7,63,Europe,42,63,,
11532,walsh@xyz.com,February,2,2,18,North America,20,18,,
11533,rudolph@yahoo.com,February,1,1,2,Asia,5,4,March,
11534,randall@xyz.com,February,2,2,18,Europe,24,16,,
11535,clark@xyz.com,February,10,9,81,Europe,153,72,,
11536,noah@gmail.com,February,10,4,8,North America,28,8,March,
11537,stewart@xyz.com,February,1,1,9,Asia,6,9,,
11538,tucker@xyz.com,February,10,10,80,North America,140,80,,
11539,roberta@gmail.com,February,2,1,2,Asia,4,1,March,
11540,johnston@xyz.com,February,10,8,56,North America,104,64,,
11541,harris@xyz.com,February,2,2,16,North America,6,16,,
11542,russell@xyz.com,February,1,1,6,North America,4,9,,
11543,mackenzie@xyz.com,February,2,2,18,North America,40,20,,
11544,kellie@gmail.com,February,1,1,1,Asia,2,2,March,
11545,sharp@xyz.com,February,2,2,16,Asia,24,16,,
11546,glover@xyz.com,February,2,2,14,Europe,40,16,,
11547,powell@xyz.com,February,10,7,63,North America,14,56,,
11548,tucker@xyz.com,February,1,1,9,Europe,8,10,,
11549,nolan@xyz.com,February,10,9,63,North America,171,72,,
11550,macleod@xyz.com,February,5,5,30,North America,70,40,,
11551,everett@gmail.com,February,5,1,1,Asia,16,1,March,
11552,buckland@xyz.com,February,10,8,64,Europe,104,64,,
11553,coleman@xyz.com,February,10,9,54,North America,63,90,,
11554,chapman@xyz.com,February,2,2,18,Europe,30,6,,
11555,dorothy@yahoo.com,February,1,1,1,Asia,19,5,March,
11556,peters@xyz.com,February,10,7,56,Asia,70,63,,
11557,antonia@gmail.com,February,2,1,1,Asia,14,2,March,
11558,marshall@xyz.com,February,5,4,28,North America,36,40,,
11559,gill@xyz.com,February,2,2,14,North America,8,18,,
11560,herbert@gmail.com,February,5,2,2,Asia,34,2,March,
11561,taylor@xyz.com,February,10,9,81,North America,54,81,,
11562,james@xyz.com,February,5,4,28,Asia,68,40,,
11563,gray@xyz.com,February,5,4,28,North America,76,40,,
11564,newman@xyz.com,February,2,2,18,North America,40,18,,
11565,ronnie@gmail.com,February,10,3,3,North America,3,9,March,
11566,powell@xyz.com,February,10,9,81,North America,144,72,,
11567,rosie@gmail.com,February,10,2,2,Europe,34,2,March,
11568,hector@gmail.com,February,1,1,1,Asia,4,3,March,
11569,cameron@xyz.com,February,2,2,18,Asia,4,20,,
11570,davidson@xyz.com,February,10,9,63,Asia,63,90,,
11571,dorothy@gmail.com,February,1,1,1,Asia,14,1,March,
11572,bell@xyz.com,February,5,5,35,North America,10,50,,
11573,felipe@gmail.com,February,2,1,2,North America,16,4,March,
11574,bower@xyz.com,February,2,2,16,North America,32,18,,
11575,mack@gmail.com,February,1,1,2,Asia,14,5,March,
11576,bailey@xyz.com,February,2,2,12,North America,6,18,,
11577,smith@xyz.com,February,2,2,18,Europe,36,20,,
11578,walsh@xyz.com,February,2,2,14,North America,28,16,,
11579,gill@xyz.com,February,5,5,40,North America,25,50,,
11580,tucker@xyz.com,February,1,1,9,North America,9,10,,
11581,bob@gmail.com,February,5,2,2,North America,20,2,March,
11582,sanderson@xyz.com,February,2,2,14,Europe,8,18,,
11583,cameron@xyz.com,February,5,4,36,North America,20,40,,
11584,payne@xyz.com,February,1,1,9,Asia,9,7,,
11585,paterson@xyz.com,February,2,2,14,Europe,40,20,,
11586,mitchell@xyz.com,February,5,5,45,Europe,20,45,,
11587,mona@gmail.com,February,1,1,1,Asia,18,5,March,
11588,gibson@xyz.com,February,5,5,45,North America,75,50,,
11589,lyman@xyz.com,February,1,1,8,North America,18,10,,
11590,langdon@xyz.com,February,5,4,36,North America,24,40,,
11591,wilson@gmail.com,February,10,1,2,North America,1,3,March,
11592,hill@xyz.com,February,2,2,18,Europe,22,18,,
11593,wallace@xyz.com,February,5,5,35,North America,100,40,,
11594,kelli@yahoo.com,February,1,1,1,Asia,2,3,March,
11595,howard@xyz.com,February,10,9,54,Europe,90,72,,
11596,lewis@xyz.com,February,10,9,63,North America,63,90,,
11597,lyman@xyz.com,February,1,1,7,Europe,11,10,,
11598,kim@gmail.com,February,1,1,1,North America,2,1,March,
11599,jackson@xyz.com,February,2,2,12,North America,26,16,,
11600,roberts@xyz.com,February,2,2,14,North America,0,18,,
11601,abraham@xyz.com,February,10,8,72,Europe,72,64,,
11602,barbara@gmail.com,February,1,1,2,North America,11,4,March,
11603,hemmings@xyz.com,February,5,3,18,Europe,6,24,,
11604,allan@gmail.com,February,2,1,1,Europe,9,5,March,
11605,ball@xyz.com,February,10,9,63,Europe,108,81,,
11606,ted@gmail.com,February,1,1,1,Asia,0,3,March,
11607,fisher@xyz.com,February,10,7,42,North America,49,63,,
11608,edmunds@xyz.com,February,10,9,72,Asia,45,90,,
11609,rampling@xyz.com,February,1,1,8,Europe,9,9,,
11610,alsop@xyz.com,February,1,1,8,North America,11,8,,
11611,kelly@xyz.com,February,5,5,30,Asia,70,40,,
11612,peake@xyz.com,February,1,1,8,North America,4,10,,
11613,macdonald@xyz.com,February,5,5,40,North America,55,50,,
11614,gabriel@gmail.com,February,2,1,1,North America,19,3,March,
11615,dallas@gmail.com,February,5,2,4,Asia,24,6,March,
11616,young@xyz.com,February,10,7,63,North America,91,63,,
11617,bower@xyz.com,February,10,8,48,North America,56,72,,
11618,jamie@yahoo.com,February,1,1,1,Asia,0,5,March,
11619,oliver@xyz.com,February,2,2,12,Europe,8,20,,
11620,bailey@xyz.com,February,1,1,7,North America,5,9,,
11621,macdonald@xyz.com,February,1,1,9,Europe,5,9,,
11622,mcdonald@xyz.com,February,1,1,8,North America,15,8,,
11623,mildred@gmail.com,February,5,2,4,North America,10,2,March,
11624,manning@xyz.com,February,10,8,48,Europe,112,80,,
11625,buckland@xyz.com,February,1,1,6,Europe,4,9,,
11626,randolph@yahoo.com,February,1,1,1,Asia,17,3,March,
11627,davidson@xyz.com,February,10,9,63,Europe,99,72,,
11628,forsyth@xyz.com,February,1,1,7,North America,9,10,,
11629,shannon@gmail.com,February,2,1,2,North America,9,4,April,
11630,hodges@xyz.com,February,2,2,16,Europe,26,18,,
11631,stewart@xyz.com,February,1,1,8,Europe,9,9,,
11632,clark@xyz.com,February,5,5,40,North America,25,50,,
11633,erin@gmail.com,February,1,1,1,North America,17,2,March,
11634,paulette@gmail.com,February,1,1,1,Asia,17,3,March,
11635,gladys@gmail.com,February,5,1,2,Asia,19,2,March,
11636,susie@gmail.com,February,1,1,1,North America,10,5,March,
11637,stephanie@gmail.com,February,1,1,1,Asia,7,5,March,
11638,hunter@xyz.com,February,10,7,42,Europe,126,70,,
11639,ogden@xyz.com,February,1,1,9,North America,5,9,,
11640,angelina@yahoo.com,February,1,1,1,Asia,0,4,March,
11641,rutherford@xyz.com,February,1,1,7,North America,7,8,,
11642,israel@gmail.com,February,1,1,1,North America,6,1,March,
11643,miller@xyz.com,February,1,1,6,Europe,9,9,,
11644,coleman@xyz.com,February,1,1,9,North America,11,9,,
11645,manning@xyz.com,February,10,7,42,North America,133,63,,
11646,adam@gmail.com,February,10,4,4,Europe,64,12,March,
11647,white@xyz.com,February,10,9,63,Asia,144,90,,
11648,young@xyz.com,February,5,5,30,North America,40,50,,
11649,king@xyz.com,February,1,1,6,North America,4,10,,
11650,darnell@gmail.com,February,1,1,1,Asia,20,3,March,
11651,marshall@gmail.com,February,5,2,4,Europe,34,8,March,
11652,white@xyz.com,February,2,2,16,Asia,32,16,,
11653,burgess@xyz.com,February,10,9,81,North America,9,72,,
11654,lyman@xyz.com,February,5,5,45,North America,70,40,,
11655,pullman@xyz.com,February,10,8,72,Europe,88,72,,
11656,russell@xyz.com,February,1,1,7,North America,15,10,,
11657,dowd@xyz.com,February,10,8,48,Europe,8,80,,
11658,campbell@xyz.com,February,2,2,14,North America,34,16,,
11659,campbell@xyz.com,February,10,9,81,Europe,0,72,,
11660,knox@xyz.com,February,2,2,18,North America,8,18,,
11661,jackson@xyz.com,February,5,4,28,North America,40,36,,
11662,penny@yahoo.com,February,1,1,1,Asia,5,1,March,
11663,wilson@xyz.com,February,1,1,7,North America,9,9,,
11664,lillian@yahoo.com,February,1,1,2,Asia,8,2,March,
11665,kerr@xyz.com,February,2,2,16,North America,22,16,,
11666,forsyth@xyz.com,February,10,7,42,North America,63,70,,
11667,parr@xyz.com,February,10,8,48,Asia,80,72,,
11668,simpson@xyz.com,February,10,8,64,North America,96,80,,
11669,gene@gmail.com,February,10,3,6,North America,3,6,March,
11670,hill@xyz.com,February,2,2,12,North America,0,20,,
11671,pauline@yahoo.com,February,1,1,2,Asia,18,5,March,
11672,ball@xyz.com,February,1,1,7,North America,1,8,,
11673,dowd@xyz.com,February,2,2,12,North America,16,18,,
11674,rex@yahoo.com,February,1,1,1,Asia,15,2,March,
11675,wade@gmail.com,February,1,1,1,Asia,12,2,March,
11676,paige@xyz.com,February,5,4,32,North America,52,36,,
11677,shane@gmail.com,February,2,1,1,Asia,3,3,March,
11678,macleod@xyz.com,February,5,4,36,Europe,68,20,,
11679,payne@xyz.com,February,10,7,63,North America,0,63,,
11680,becky@gmail.com,February,5,2,1,Europe,40,10,March,
11681,piper@xyz.com,February,10,7,63,Europe,133,70,,
11682,parsons@xyz.com,February,1,1,6,North America,15,8,,
11683,dora@gmail.com,February,10,3,1,North America,57,15,March,
11684,springer@xyz.com,February,5,4,28,Europe,56,48,,
11685,blake@xyz.com,February,2,2,14,North America,2,16,,
11686,wright@xyz.com,February,10,9,72,North America,0,90,,
11687,nathaniel@gmail.com,February,1,1,1,Asia,1,1,March,
11688,grace@gmail.com,February,5,2,1,North America,2,8,April,
11689,davies@xyz.com,February,5,5,30,Europe,75,55,,
11690,graham@xyz.com,February,2,2,12,North America,30,16,,
11691,freda@yahoo.com,February,1,1,1,Asia,5,5,March,
11692,mathis@xyz.com,February,1,1,6,Europe,18,8,,
11693,hamilton@xyz.com,February,5,4,36,North America,8,36,,
11694,theresa@gmail.com,February,2,1,1,North America,18,3,March,April
11695,dixie@gmail.com,February,1,1,2,Europe,4,2,March,
11696,terry@gmail.com,February,10,3,3,North America,18,15,March,
11697,joanna@gmail.com,February,10,3,6,North America,60,6,March,
11698,graham@xyz.com,February,1,1,9,North America,15,10,,
11699,thomson@xyz.com,February,1,1,9,North America,5,8,,
11700,metcalfe@xyz.com,February,2,2,16,North America,6,16,,
11701,mackay@xyz.com,February,10,9,54,North America,153,81,,
11702,king@xyz.com,March,5,4,24,North America,56,32,,
11703,underwood@xyz.com,March,2,2,14,North America,12,18,,
11704,north@xyz.com,March,10,10,70,Europe,50,100,,
11705,greene@xyz.com,March,10,10,70,Asia,70,80,,
11706,julia@xyz.com,March,2,1,1,Europe,15,1,April,
11707,skinner@xyz.com,March,1,1,8,Europe,17,10,,
11708,james@xyz.com,March,5,5,45,North America,35,45,,
11709,allan@xyz.com,March,1,1,9,Europe,3,10,,
11710,arnold@xyz.com,March,10,9,54,North America,135,81,,
11711,manning@xyz.com,March,1,1,6,Europe,20,10,,
11712,short@xyz.com,March,1,1,6,Europe,5,8,,
11713,arnold@gmail.com,March,1,1,2,Asia,10,4,April,
11714,jeannette@xyz.com,March,10,3,6,Europe,9,6,April,
11715,hart@xyz.com,March,5,5,45,Europe,95,50,,
11716,josh@xyz.com,March,2,2,1,Europe,8,8,April,
11717,ellison@xyz.com,March,10,10,70,North America,130,100,,
11718,terence@yahoo.com,March,5,3,18,North America,51,30,,
11719,sally@gmail.com,March,1,1,1,Asia,12,3,April,
11720,edmunds@xyz.com,March,5,5,40,North America,80,40,,
11721,wallace@xyz.com,March,1,1,8,Europe,4,10,,
11722,hemmings@xyz.com,March,5,5,45,North America,30,45,,
11723,gibson@xyz.com,March,5,4,36,Europe,68,32,,
11724,greene@xyz.com,March,2,2,18,Europe,24,16,,
11725,macdonald@xyz.com,March,1,1,9,North America,9,8,,
11726,abel@xyz.com,March,5,5,10,North America,50,15,April,
11727,tucker@xyz.com,March,5,4,36,North America,16,36,,
11728,calvin@gmail.com,March,1,1,2,Asia,9,5,April,
11729,payne@xyz.com,March,10,10,60,Europe,110,100,,
11730,drew@gmail.com,March,1,1,1,Asia,0,4,April,
11731,warren@xyz.com,March,1,1,2,Asia,6,5,April,
11732,davies@xyz.com,March,2,1,7,North America,15,8,,
11733,renee@gmail.com,March,10,10,90,North America,80,80,,
11734,chelsea@gmail.com,March,1,1,1,Asia,19,2,April,
11735,elaine@xyz.com,March,1,1,1,North America,10,4,April,
11736,clarkson@xyz.com,March,10,8,72,North America,56,64,,
11737,jesus@gmail.com,March,1,1,1,Asia,2,5,April,
11738,gerald@gmail.com,March,1,1,2,Asia,3,5,April,
11739,bob@xyz.com,March,1,1,1,Asia,5,5,April,
11740,opal@xyz.com,March,10,2,2,Europe,12,4,April,
11741,watson@xyz.com,March,5,5,40,North America,50,45,,
11742,dorothy@gmail.com,March,1,1,1,Asia,10,5,April,
11743,hilda@xyz.com,March,2,2,4,North America,14,10,April,
11744,powell@xyz.com,March,2,2,12,Asia,32,18,,
11745,jones@xyz.com,March,1,1,6,Europe,8,9,,
11746,gray@xyz.com,March,5,5,30,North America,40,40,,
11747,sanderson@xyz.com,March,5,5,30,North America,70,40,,
11748,lawrence@xyz.com,March,10,9,81,North America,126,90,,
11749,marshall@xyz.com,March,10,10,80,Europe,10,80,,
11750,scott@xyz.com,March,10,9,72,North America,81,72,,
11751,velma@xyz.com,March,2,1,1,Asia,12,5,April,
11752,wilbur@xyz.com,March,5,2,1,Asia,8,6,April,
11753,luis@xyz.com,March,10,3,6,Asia,57,12,April,
11754,max@xyz.com,March,5,2,2,Asia,26,2,April,
11755,springer@xyz.com,March,1,1,6,North America,15,10,,
11756,bailey@xyz.com,March,1,1,6,Europe,4,9,,
11757,ramon@xyz.com,March,1,1,1,Asia,0,4,April,
11758,hardacre@xyz.com,March,2,1,8,North America,8,8,,
11759,clark@xyz.com,March,1,1,9,North America,7,10,,
11760,joy@xyz.com,March,1,1,1,Asia,4,1,April,
11761,carr@xyz.com,March,2,2,16,North America,20,16,,
11762,theresa@gmail.com,March,1,1,1,Asia,13,1,April,
11763,gibson@xyz.com,March,5,4,32,Europe,60,36,,
11764,hill@xyz.com,March,5,5,35,Europe,90,40,,
11765,jeff@gmail.com,March,1,1,1,Asia,13,1,April,
11766,sylvia@gmail.com,March,1,1,1,Asia,13,2,April,
11767,elias@xyz.com,March,2,1,1,Asia,20,4,April,
11768,kerr@xyz.com,March,10,8,64,Europe,160,72,,
11769,tyrone@xyz.com,March,1,1,2,Asia,7,5,April,
11770,smith@xyz.com,March,10,9,63,North America,63,81,,
11771,keith@xyz.com,March,1,1,2,Asia,17,3,April,
11772,hardacre@xyz.com,March,5,5,35,Europe,30,50,,
11773,carlos@gmail.com,March,10,8,56,North America,104,16,,
11774,parsons@xyz.com,March,2,2,16,Europe,38,18,,
11775,karl@gmail.com,March,1,1,2,Asia,8,5,April,
11776,randall@xyz.com,March,1,1,9,North America,8,8,,
11777,tommy@gmail.com,March,1,1,1,Asia,20,2,April,
11778,elvira@xyz.com,March,10,1,1,North America,7,4,April,
11779,armando@xyz.com,March,1,1,1,North America,18,2,April,
11780,monique@xyz.com,March,1,1,1,Europe,14,4,April,
11781,chelsea@xyz.com,March,2,2,4,Europe,34,4,April,
11782,hugh@xyz.com,March,2,2,1,North America,6,10,April,
11783,rees@xyz.com,March,2,2,12,North America,6,18,,
11784,marshall@gmail.com,March,1,1,2,Asia,0,4,April,
11785,gerardo@gmail.com,March,1,1,1,Asia,17,5,April,
11786,jeremiah@gmail.com,March,1,1,1,Asia,17,5,April,
11787,mae@yahoo.com,March,5,1,9,North America,19,8,,
11788,greene@xyz.com,March,1,1,9,North America,5,10,,
11789,martin@xyz.com,March,10,7,63,Asia,21,56,,
11790,gloria@gmail.com,March,1,1,2,Asia,12,4,April,
11791,laverne@xyz.com,March,10,2,4,Asia,32,10,April,
11792,amos@xyz.com,March,5,5,1,North America,55,10,April,
11793,marion@xyz.com,March,10,3,3,Asia,24,6,April,
11794,paul@xyz.com,March,5,5,5,North America,5,15,April,
11795,rosie@xyz.com,March,1,1,2,North America,20,5,April,
11796,clarkson@xyz.com,March,1,1,7,North America,11,10,,
11797,forsyth@xyz.com,March,2,2,18,Europe,16,18,,
11798,jennifer@gmail.com,March,1,1,2,Asia,15,3,April,
11799,north@xyz.com,March,5,4,36,North America,16,36,,
11800,johnny@gmail.com,March,1,1,2,Asia,6,5,April,
11801,gray@xyz.com,March,1,1,9,Asia,1,10,,
11802,miller@xyz.com,March,5,5,40,North America,85,50,,
11803,scott@xyz.com,March,10,10,90,North America,30,100,,
11804,lyle@xyz.com,March,5,4,8,Europe,36,20,April,
11805,reid@xyz.com,March,5,5,35,Europe,75,45,,
11806,white@xyz.com,March,1,1,6,North America,14,9,,
11807,martha@xyz.com,March,5,2,1,Asia,32,4,April,
11808,russell@xyz.com,March,10,7,49,North America,70,56,,
11809,metcalfe@xyz.com,March,1,1,6,Europe,17,10,,
11810,churchill@xyz.com,March,10,7,42,North America,91,63,,
11811,dyer@xyz.com,March,1,1,8,Europe,9,10,,
11812,viola@yahoo.com,March,2,2,18,North America,36,16,,
11813,harry@xyz.com,March,10,10,10,North America,120,10,April,
11814,gibson@xyz.com,March,1,1,9,North America,4,8,,
11815,ryan@gmail.com,March,10,9,81,North America,171,99,,
11816,butler@xyz.com,March,10,10,90,Asia,80,100,,
11817,jill@xyz.com,March,5,4,8,Europe,72,12,April,
11818,suzanne@xyz.com,March,10,7,7,North America,84,35,April,
11819,nicole@gmail.com,March,5,5,30,North America,90,45,,
11820,marcella@xyz.com,March,2,2,4,Europe,36,10,April,
11821,hardacre@xyz.com,March,1,1,6,North America,20,8,,
11822,jonathon@gmail.com,March,5,4,28,North America,44,40,,
11823,ida@xyz.com,March,10,4,1,Asia,0,20,April,
11824,cornish@xyz.com,March,5,4,28,Europe,8,40,,
11825,chapman@xyz.com,March,10,8,56,Europe,56,72,,
11826,guadalupe@gmail.com,March,2,2,14,North America,18,28,,
11827,metcalfe@xyz.com,March,10,7,49,Europe,98,63,,
11828,taylor@xyz.com,March,1,1,9,North America,0,9,,
11829,kerr@xyz.com,March,1,1,7,North America,18,8,,
11830,oliver@xyz.com,March,2,2,16,North America,10,16,,
11831,slater@xyz.com,March,5,5,45,Asia,55,45,,
11832,forsyth@xyz.com,March,5,4,32,Europe,48,36,,
11833,dallas@xyz.com,March,10,4,8,Europe,28,20,April,
11834,scott@xyz.com,March,2,2,14,Europe,40,20,,
11835,kerr@xyz.com,March,2,2,14,North America,10,18,,
11836,turner@xyz.com,March,1,1,7,North America,12,9,,
11837,hughes@xyz.com,March,10,8,72,Europe,24,72,,
11838,charlene@xyz.com,March,5,2,1,Asia,32,4,April,
11839,ann@xyz.com,March,1,1,1,Europe,13,2,April,
11840,robertson@xyz.com,March,1,1,9,Europe,15,8,,
11841,vaughan@xyz.com,March,5,5,35,North America,55,40,,
11842,lionel@gmail.com,March,2,2,14,North America,12,20,,
11843,underwood@xyz.com,March,2,2,14,Asia,22,18,,
11844,roberts@xyz.com,March,2,2,14,Europe,10,16,,
11845,gill@xyz.com,March,2,2,16,North America,34,16,,
11846,king@xyz.com,March,5,4,32,North America,68,32,,
11847,gill@xyz.com,March,2,2,16,North America,0,16,,
11848,wright@xyz.com,March,1,1,6,North America,20,10,,
11849,robert@xyz.com,March,10,3,3,Asia,18,9,April,
11850,scott@xyz.com,March,10,7,42,Europe,98,56,,
11851,clarkson@xyz.com,March,1,1,8,Europe,2,10,,
11852,henderson@xyz.com,March,5,4,24,Europe,0,40,,
11853,rafael@xyz.com,March,10,4,1,Europe,16,20,April,
11854,cameron@xyz.com,March,5,5,45,North America,75,45,,
11855,marshall@xyz.com,March,1,1,2,North America,20,4,April,
11856,blake@xyz.com,March,1,1,7,North America,7,9,,
11857,megan@gmail.com,March,5,5,40,North America,50,50,,
11858,vaughan@xyz.com,March,1,1,8,Europe,3,10,,
11859,mills@xyz.com,March,1,1,8,North America,7,9,,
11860,carr@xyz.com,March,5,4,28,North America,80,32,,
11861,nick@gmail.com,March,1,1,6,North America,19,10,,
11862,jerome@gmail.com,March,5,4,36,North America,68,32,,
11863,ferguson@xyz.com,March,10,8,64,Europe,152,64,,
11864,louise@yahoo.com,March,10,10,90,North America,60,80,,
11865,frances@yahoo.com,March,1,1,9,North America,0,9,,
11866,floyd@xyz.com,March,2,1,1,Europe,18,2,April,
11867,tony@gmail.com,March,1,1,2,Asia,11,5,April,
11868,terry@xyz.com,March,2,2,14,Asia,12,16,,
11869,vaughan@xyz.com,March,2,2,16,North America,40,18,,
11870,alexander@gmail.com,March,1,1,1,Asia,12,1,April,
11871,thomas@xyz.com,March,2,1,1,Asia,13,1,April,
11872,campbell@xyz.com,March,2,2,14,North America,4,16,,
11873,short@xyz.com,March,2,2,14,Europe,10,18,,
11874,barbara@yahoo.com,March,10,7,63,North America,119,70,,
11875,juana@yahoo.com,March,1,1,6,North America,20,10,,
11876,jimmy@xyz.com,March,1,1,2,Asia,8,3,April,
11877,sutherland@xyz.com,March,2,2,12,Europe,0,18,,
11878,hardacre@xyz.com,March,2,2,18,Europe,22,18,,
11879,macleod@xyz.com,March,5,4,24,North America,64,36,,
11880,churchill@xyz.com,March,10,7,49,Europe,105,63,,
11881,isaac@xyz.com,March,2,2,2,North America,40,4,April,
11882,rutherford@xyz.com,March,5,4,24,Europe,72,36,,
11883,susan@gmail.com,March,5,5,35,North America,35,20,,
11884,kathleen@xyz.com,March,5,5,10,North America,55,25,April,
11885,wendy@xyz.com,March,5,5,1,North America,5,10,April,
11886,rees@xyz.com,March,1,1,7,Europe,0,8,,
11887,ellison@xyz.com,March,5,4,32,North America,4,40,,
11888,winifred@gmail.com,March,5,5,30,North America,50,40,,
11889,bond@xyz.com,March,1,1,6,North America,8,9,,
11890,scarie@gmail.com,March,1,1,2,Asia,11,4,April,
11891,kerr@xyz.com,March,10,10,60,Asia,70,80,,
11892,grant@xyz.com,March,2,2,16,Europe,28,16,,
11893,hardacre@xyz.com,March,10,8,72,North America,136,72,,
11894,dowd@xyz.com,March,10,8,64,Asia,40,72,,
11895,parr@xyz.com,March,5,4,28,Europe,8,40,,
11896,glover@xyz.com,March,5,5,35,Europe,65,50,,
11897,abraham@xyz.com,March,1,1,7,Asia,12,9,,
11898,jean@xyz.com,March,10,10,1,North America,190,50,April,
11899,chelsea@yahoo.com,March,10,7,56,North America,91,63,,
11900,maxine@gmail.com,March,1,1,1,Asia,2,4,April,
11901,white@xyz.com,March,1,1,6,Asia,4,8,,
11902,dyer@xyz.com,March,1,1,9,Asia,3,9,,
11903,lee@xyz.com,March,5,4,36,Europe,20,40,,
11904,kelly@xyz.com,March,10,10,60,North America,70,100,,
11905,levi@xyz.com,March,10,8,1,North America,96,8,April,
11906,clark@xyz.com,March,1,1,9,North America,15,10,,
11907,thomson@xyz.com,March,5,4,32,North America,76,32,,
11908,carole@xyz.com,March,10,4,1,Asia,36,20,April,
11909,eunice@xyz.com,March,2,1,1,Europe,3,4,April,
11910,vaughan@xyz.com,March,1,1,8,North America,18,10,,
11911,burgess@xyz.com,March,10,10,80,North America,160,100,,
11912,davies@xyz.com,March,1,1,9,North America,19,8,,
11913,kenneth@gmail.com,March,10,7,56,North America,105,56,,
11914,harris@xyz.com,March,2,2,14,North America,38,18,,
11915,cornish@xyz.com,March,2,2,18,North America,6,18,,
11916,kerr@xyz.com,March,10,9,81,North America,180,90,,
11917,rees@xyz.com,March,2,2,12,Europe,36,18,,
11918,sanderson@xyz.com,March,2,2,16,Europe,22,16,,
11919,mable@gmail.com,March,1,1,1,Asia,0,2,April,
11920,lawrence@xyz.com,March,5,4,24,Europe,0,40,,
11921,gray@xyz.com,March,2,2,12,Asia,4,20,,
11922,duncan@xyz.com,March,1,1,8,Europe,5,9,,
11923,jackson@xyz.com,March,10,9,81,North America,126,81,,
11924,hill@xyz.com,March,5,4,28,North America,68,40,,
11925,james@xyz.com,March,10,10,90,Europe,160,100,,
11926,homer@gmail.com,March,10,7,42,North America,98,56,,
11927,roberts@xyz.com,March,5,4,28,Europe,44,40,,
11928,skinner@xyz.com,March,1,1,9,Europe,2,9,,
11929,hudson@xyz.com,March,2,2,16,Europe,40,20,,
11930,blake@xyz.com,March,1,1,9,Asia,19,9,,
11931,walsh@xyz.com,March,10,7,63,Europe,140,56,,
11932,springer@xyz.com,March,5,4,28,Europe,44,32,,
11933,thomson@xyz.com,March,10,7,42,Asia,35,56,,
11934,simpson@xyz.com,March,5,5,35,Europe,40,40,,
11935,geraldine@xyz.com,March,1,1,1,Europe,7,1,April,
11936,ross@xyz.com,March,1,1,7,Europe,0,10,,
11937,taylor@xyz.com,March,1,1,6,North America,7,9,,
11938,ball@xyz.com,March,2,2,14,Asia,6,20,,
11939,freda@gmail.com,March,1,1,1,Asia,5,3,April,
11940,harris@xyz.com,March,1,1,8,Asia,16,8,,
11941,newman@xyz.com,March,10,10,70,North America,30,90,,
11942,king@xyz.com,March,2,2,14,North America,22,18,,
11943,lena@yahoo.com,March,2,2,16,North America,22,16,,
11944,sharp@xyz.com,March,5,5,40,North America,45,45,,
11945,hector@xyz.com,March,2,1,1,Asia,1,1,April,
11946,ross@xyz.com,March,10,8,64,North America,32,64,,
11947,harris@xyz.com,March,10,8,72,Europe,120,72,,
11948,white@xyz.com,March,2,2,12,Europe,24,16,,
11949,rutherford@xyz.com,March,2,2,14,North America,0,18,,
11950,oliver@xyz.com,March,1,1,8,Europe,5,8,,
11951,lambert@xyz.com,March,2,2,18,Europe,2,16,,
11952,mills@xyz.com,March,1,1,9,North America,6,8,,
11953,alsop@xyz.com,March,2,2,12,North America,24,20,,
11954,wright@xyz.com,March,1,1,8,Asia,6,9,,
11955,gary@xyz.com,March,10,4,8,Asia,56,8,April,
11956,underwood@xyz.com,March,10,7,49,Europe,91,70,,
11957,ray@yahoo.com,March,2,2,18,North America,22,26,,
11958,carmen@xyz.com,March,10,2,2,Asia,16,4,April,
11959,mackay@xyz.com,March,2,1,9,Europe,8,8,,
11960,dyer@xyz.com,March,5,4,28,North America,8,32,,
11961,parr@xyz.com,March,10,10,80,North America,190,100,,
11962,ruth@gmail.com,March,5,3,18,North America,33,27,,
11963,short@xyz.com,March,10,8,56,Europe,8,80,,
11964,abraham@xyz.com,March,2,2,16,Europe,4,18,,
11965,payne@xyz.com,March,5,5,30,North America,65,45,,
11966,johnnie@xyz.com,March,1,1,1,Asia,17,5,April,
11967,king@xyz.com,March,5,4,28,North America,72,32,,
11968,parsons@xyz.com,March,2,2,12,North America,28,20,,
11969,metcalfe@xyz.com,March,1,1,6,Europe,12,9,,
11970,abraham@xyz.com,March,5,4,28,North America,28,40,,
11971,margaret@xyz.com,March,2,2,4,Europe,12,4,April,
11972,kerr@xyz.com,March,2,2,14,North America,16,16,,
11973,diana@gmail.com,March,1,1,1,Asia,18,3,April,
11974,arlene@xyz.com,March,2,1,2,Asia,14,3,April,
11975,carr@xyz.com,March,5,4,32,Europe,12,36,,
11976,kerr@xyz.com,March,1,1,9,Asia,18,9,,
11977,peake@xyz.com,March,1,1,7,North America,11,8,,
11978,amanda@gmail.com,March,5,4,28,North America,32,32,,
11979,gwendolyn@gmail.com,March,1,1,2,Asia,9,1,April,
11980,howard@xyz.com,March,10,10,80,North America,170,100,,
11981,randall@gmail.com,March,5,5,35,North America,10,45,,
11982,elijah@gmail.com,March,1,1,1,Asia,0,2,April,
11983,delia@xyz.com,March,5,2,1,Asia,26,2,April,
11984,campbell@xyz.com,March,2,1,6,Europe,4,9,,
11985,jodi@gmail.com,March,5,5,30,North America,35,50,,
11986,edmunds@xyz.com,March,2,2,18,Europe,32,18,,
11987,parr@xyz.com,March,10,10,60,North America,160,100,,
11988,rampling@xyz.com,March,1,1,9,Europe,10,10,,
11989,howard@xyz.com,March,1,1,7,North America,10,8,,
11990,james@xyz.com,March,5,5,35,Europe,80,50,,
11991,sanderson@xyz.com,March,2,2,16,Europe,36,20,,
11992,peggy@yahoo.com,March,10,9,81,North America,18,108,,
11993,krista@xyz.com,March,1,1,1,Asia,18,1,April,
11994,grant@xyz.com,March,5,4,24,Asia,28,32,,
11995,pearl@xyz.com,March,5,4,4,Europe,60,20,April,
11996,turner@xyz.com,March,10,7,49,North America,63,70,,
11997,sergio@xyz.com,March,1,1,2,Asia,20,2,April,
11998,dowd@xyz.com,March,5,5,45,Europe,70,50,,
11999,welch@xyz.com,March,10,8,56,North America,72,64,,
12000,scott@xyz.com,March,5,5,35,North America,40,50,,
12001,dale@xyz.com,March,10,3,6,Asia,30,3,April,
12002,danielle@xyz.com,March,10,2,2,Asia,2,4,April,
12003,robertson@xyz.com,March,10,8,56,Asia,88,72,,
12004,nolan@xyz.com,March,2,2,14,Asia,10,18,,
12005,reid@xyz.com,March,10,9,72,North America,108,90,,
12006,simpson@xyz.com,March,1,1,7,Europe,9,9,,
12007,henderson@xyz.com,March,10,9,54,Europe,90,72,,
12008,parsons@xyz.com,March,10,7,49,Asia,91,63,,
12009,randall@xyz.com,March,2,2,14,Asia,26,20,,
12010,coleman@xyz.com,March,2,2,16,Europe,16,16,,
12011,may@xyz.com,March,10,10,70,North America,120,100,,
12012,sutherland@xyz.com,March,1,1,6,North America,13,10,,
12013,murray@xyz.com,March,2,2,16,North America,34,18,,
12014,clarkson@xyz.com,March,5,5,30,North America,70,40,,
12015,fisher@xyz.com,March,10,10,70,North America,130,80,,
12016,brown@xyz.com,March,5,4,28,Asia,72,40,,
12017,slater@xyz.com,March,1,1,6,Europe,16,10,,
12018,roger@yahoo.com,March,10,9,63,North America,27,90,,
12019,johnnie@xyz.com,March,1,1,1,Asia,14,5,April,
12020,avery@xyz.com,March,5,4,24,Europe,4,36,,
12021,mitchell@xyz.com,March,5,5,40,Europe,65,45,,
12022,vaughan@xyz.com,March,10,9,81,North America,27,81,,
12023,hugo@gmail.com,March,2,2,12,North America,14,16,,
12024,tommie@xyz.com,March,10,4,8,Europe,24,20,April,
12025,sharp@xyz.com,March,2,2,18,Europe,10,16,,
12026,hart@xyz.com,March,2,2,18,Europe,26,20,,
12027,michelle@xyz.com,March,5,2,2,Asia,36,8,April,
12028,jackson@xyz.com,March,10,9,54,Europe,18,72,,
12029,vance@xyz.com,March,10,8,64,Asia,128,80,,
12030,mcgrath@xyz.com,March,10,8,48,Europe,80,72,,
12031,payne@xyz.com,March,5,5,30,Europe,35,40,,
12032,vaughan@xyz.com,March,2,2,12,North America,26,20,,
12033,dora@xyz.com,March,10,4,8,Asia,72,20,April,
12034,young@xyz.com,March,5,4,36,North America,20,36,,
12035,ebony@gmail.com,March,10,9,81,North America,153,90,,
12036,short@xyz.com,March,10,7,63,Asia,21,63,,
12037,harris@xyz.com,March,2,2,16,Europe,38,16,,
12038,hemmings@xyz.com,March,1,1,6,North America,14,10,,
12039,whitney@gmail.com,March,5,3,27,North America,21,24,,
12040,jamie@gmail.com,March,1,1,1,Asia,16,5,April,
12041,gill@xyz.com,March,5,4,36,North America,4,40,,
12042,black@xyz.com,March,2,2,12,North America,0,16,,
12043,george@xyz.com,March,1,1,1,Asia,12,5,April,
12044,ashley@xyz.com,March,2,2,4,North America,26,6,April,
12045,katherine@yahoo.com,March,2,2,18,North America,36,18,,
12046,robertson@xyz.com,March,10,9,63,Europe,180,81,,
12047,margaret@gmail.com,March,1,1,1,Asia,3,2,April,
12048,fraser@xyz.com,March,2,2,16,North America,14,18,,
12049,sandra@yahoo.com,March,10,7,49,North America,84,56,,
12050,quinn@xyz.com,March,5,4,24,Asia,20,36,,
12051,mona@xyz.com,March,10,2,4,Europe,10,2,April,
12052,billy@xyz.com,March,5,2,2,Asia,22,8,April,
12053,wright@xyz.com,March,10,7,49,Europe,49,56,,
12054,hughes@xyz.com,March,2,2,12,Europe,0,18,,
12055,metcalfe@xyz.com,March,5,5,45,Europe,60,45,,
12056,janie@xyz.com,March,1,1,1,Asia,8,2,April,
12057,hughes@xyz.com,March,5,5,35,Asia,80,40,,
12058,hughes@xyz.com,March,1,1,9,Europe,9,10,,
12059,donald@gmail.com,March,1,1,1,Asia,9,3,April,
12060,erick@xyz.com,March,5,4,8,North America,0,16,April,
12061,mitchell@xyz.com,March,2,2,12,North America,8,16,,
12062,casey@xyz.com,March,2,1,1,Asia,14,3,April,
12063,nolan@xyz.com,March,1,1,6,Europe,17,8,,
12064,powell@xyz.com,March,5,5,40,Europe,70,50,,
12065,tiffany@gmail.com,March,1,1,2,Asia,2,1,April,
12066,fisher@xyz.com,March,10,8,64,Europe,64,72,,
12067,daryl@yahoo.com,March,5,5,35,North America,50,50,,
12068,anderson@xyz.com,March,1,1,6,Europe,2,8,,
12069,benjamin@gmail.com,March,1,1,1,Asia,19,2,April,
12070,carlton@xyz.com,March,1,1,2,North America,10,1,April,
12071,darlene@xyz.com,March,10,8,16,North America,8,8,April,
12072,carr@xyz.com,March,2,2,18,Europe,12,18,,
12073,wilkins@xyz.com,March,2,2,14,Europe,34,20,,
12074,gray@xyz.com,March,5,5,40,North America,65,40,,
12075,jimmy@yahoo.com,March,10,7,42,North America,63,56,,
12076,quinn@xyz.com,March,2,2,16,Europe,22,16,,
12077,morrison@xyz.com,March,5,4,36,North America,44,32,,
12078,sidney@gmail.com,March,2,2,16,North America,40,18,,
12079,rees@xyz.com,March,10,8,48,Asia,120,80,,
12080,hardacre@xyz.com,March,2,2,16,North America,38,20,,
12081,melissa@gmail.com,March,10,9,72,North America,18,81,,
12082,ferguson@xyz.com,March,10,10,70,Asia,90,80,,
12083,fraser@xyz.com,March,2,2,18,North America,38,18,,
12084,terry@xyz.com,March,1,1,6,Europe,20,10,,
12085,campbell@xyz.com,March,1,1,9,Europe,16,10,,
12086,monique@gmail.com,March,1,1,1,Asia,18,4,April,
12087,rufus@gmail.com,March,1,1,1,Asia,11,4,April,
12088,morgan@xyz.com,March,10,7,42,North America,105,56,,
12089,brown@xyz.com,March,10,10,70,Europe,170,90,,
12090,della@xyz.com,March,5,5,5,North America,15,25,April,
12091,piper@xyz.com,March,5,4,28,North America,64,32,,
12092,quinn@xyz.com,March,2,2,14,North America,32,16,,
12093,sean@xyz.com,March,2,2,1,Europe,38,2,April,
12094,courtney@yahoo.com,March,2,2,18,North America,32,20,,
12095,welch@xyz.com,March,1,1,7,North America,13,10,,
12096,lewis@xyz.com,March,2,2,14,North America,4,16,,
12097,nolan@xyz.com,March,5,4,28,Asia,16,36,,
12098,antonio@gmail.com,March,2,2,18,North America,22,16,,
12099,morgan@xyz.com,March,1,1,8,Europe,15,9,,
12100,allan@xyz.com,March,10,10,90,Europe,40,100,,
12101,andres@gmail.com,March,1,1,2,Asia,0,2,April,
12102,kelly@xyz.com,March,5,2,4,Asia,4,2,April,
12103,mackay@xyz.com,March,10,10,60,Europe,90,90,,
12104,forrest@yahoo.com,March,1,1,9,North America,8,9,,
12105,springer@xyz.com,March,10,8,64,Asia,128,72,,
12106,irma@xyz.com,March,2,2,1,North America,16,8,April,
12107,clarkson@xyz.com,March,1,1,9,Europe,4,10,,
12108,ginger@yahoo.com,March,10,7,56,North America,14,119,,
12109,alsop@xyz.com,March,10,8,48,North America,136,80,,
12110,miller@xyz.com,March,10,8,64,Europe,48,72,,
12111,robertson@xyz.com,March,5,5,30,Europe,70,40,,
12112,king@xyz.com,March,2,2,14,Europe,36,20,,
12113,stewart@xyz.com,March,2,2,18,Europe,18,20,,
12114,fredrick@xyz.com,March,10,2,4,Asia,26,6,April,
12115,nadine@xyz.com,March,1,1,2,North America,2,2,April,
12116,north@xyz.com,March,1,1,8,North America,9,8,,
12117,ken@xyz.com,March,5,4,1,Europe,60,16,April,
12118,ernestine@xyz.com,March,5,2,2,Asia,16,2,April,
12119,betty@xyz.com,March,10,4,8,Asia,12,12,April,
12120,paterson@xyz.com,March,1,1,6,Europe,5,8,,
12121,allison@xyz.com,March,10,4,1,Asia,8,12,April,
12122,juanita@xyz.com,March,1,1,1,North America,19,5,April,May
12123,taylor@xyz.com,March,2,2,12,North America,22,18,,
12124,steven@xyz.com,March,5,5,10,North America,10,25,April,
12125,dorothy@xyz.com,March,10,3,1,North America,45,15,April,
12126,lawrence@xyz.com,March,10,10,90,Europe,140,100,,
12127,marty@xyz.com,March,5,2,2,Europe,36,10,April,
12128,ginger@gmail.com,March,1,1,1,Asia,7,5,April,
12129,walker@xyz.com,March,5,4,36,North America,12,32,,
12130,luke@gmail.com,March,1,1,6,North America,18,9,,
12131,evan@xyz.com,March,1,1,2,Asia,2,1,April,
12132,edward@xyz.com,March,1,1,2,North America,11,4,April,
12133,baker@xyz.com,March,5,4,36,Europe,44,36,,
12134,walker@xyz.com,March,10,9,72,Europe,117,72,,
12135,scott@xyz.com,March,1,1,7,North America,10,9,,
12136,ince@xyz.com,March,10,10,70,North America,130,90,,
12137,wilbert@xyz.com,March,2,1,1,Asia,5,5,April,
12138,brown@xyz.com,March,1,1,6,Europe,12,10,,
12139,slater@xyz.com,March,10,8,56,North America,32,80,,
12140,james@xyz.com,March,10,8,72,Europe,96,64,,
12141,colin@xyz.com,March,1,1,1,Asia,12,3,April,
12142,mable@xyz.com,March,10,10,4,North America,0,20,April,
12143,watson@xyz.com,March,2,2,12,North America,8,18,,
12144,davies@xyz.com,March,5,4,24,North America,36,40,,
12145,victor@gmail.com,March,1,1,1,Asia,19,2,April,
12146,sheri@xyz.com,March,5,2,2,Asia,2,4,April,
12147,lee@xyz.com,March,2,2,4,North America,10,6,April,
12148,langdon@xyz.com,March,10,7,56,North America,63,70,,
12149,joseph@gmail.com,March,1,1,6,North America,16,8,,
12150,mitchell@xyz.com,March,1,1,8,Asia,7,10,,
12151,white@xyz.com,March,5,5,45,Europe,100,45,,
12152,jack@gmail.com,March,1,1,2,Asia,3,4,April,
12153,don@xyz.com,March,5,2,2,Europe,32,2,April,
12154,newman@xyz.com,March,10,7,49,Europe,63,70,,
12155,carrie@gmail.com,March,1,1,2,Asia,13,1,April,
12156,javier@gmail.com,March,1,1,1,Asia,11,2,April,
12157,gerard@xyz.com,March,5,2,2,Asia,22,10,April,
12158,elias@xyz.com,March,10,9,9,North America,153,36,April,
12159,hunter@xyz.com,March,2,2,18,Europe,34,16,,
12160,james@xyz.com,March,5,4,32,North America,28,40,,
12161,caleb@xyz.com,March,1,1,1,Asia,3,4,April,
12162,howard@xyz.com,March,2,2,12,North America,38,18,,
12163,woodrow@xyz.com,March,10,4,4,Europe,76,20,April,
12164,mcgrath@xyz.com,March,5,4,24,Europe,20,32,,
12165,slater@xyz.com,March,5,4,28,Asia,44,40,,
12166,ince@xyz.com,March,1,1,6,North America,10,8,,
12167,paterson@xyz.com,March,2,2,16,Europe,14,20,,
12168,adam@gmail.com,March,10,7,42,North America,42,56,,
12169,marco@xyz.com,March,10,4,8,Europe,16,8,April,
12170,baker@xyz.com,March,5,5,40,North America,85,50,,
12171,rickey@xyz.com,March,5,2,1,Asia,10,6,April,
12172,hardacre@xyz.com,March,5,4,24,North America,64,36,,
12173,chad@gmail.com,March,5,4,24,North America,12,36,,
12174,wilkins@xyz.com,March,2,2,12,North America,8,18,,
12175,brandi@xyz.com,March,2,1,2,Europe,10,2,April,
12176,tyrone@gmail.com,March,5,5,35,North America,55,45,,
12177,davies@xyz.com,March,2,2,12,Asia,8,18,,
12178,may@xyz.com,March,5,4,32,Europe,36,32,,
12179,ross@xyz.com,March,5,5,45,Europe,15,45,,
12180,cameron@xyz.com,March,2,2,18,Europe,4,18,,
12181,clark@xyz.com,March,1,1,8,North America,13,9,,
12182,lola@xyz.com,March,2,1,1,Asia,11,2,April,
12183,greene@xyz.com,March,10,9,54,Europe,135,81,,
12184,elena@xyz.com,March,1,1,2,Asia,1,4,April,
12185,piper@xyz.com,March,2,2,14,North America,18,20,,
12186,grady@xyz.com,March,5,2,4,Asia,40,2,April,
12187,macdonald@xyz.com,March,5,5,35,North America,25,40,,
12188,alsop@xyz.com,March,2,2,16,Europe,18,20,,
12189,wallace@xyz.com,March,5,5,45,North America,55,45,,
12190,raymond@gmail.com,March,1,1,2,Asia,12,3,April,
12191,dianna@xyz.com,March,5,2,2,Asia,14,6,April,
12192,byron@gmail.com,March,1,1,1,Asia,18,3,April,
12193,gill@xyz.com,March,10,7,49,Europe,133,56,,
12194,lambert@xyz.com,March,5,5,45,North America,70,40,,
12195,mcgrath@xyz.com,March,2,2,14,Europe,4,16,,
12196,wallace@xyz.com,March,10,9,72,Europe,9,72,,
12197,marcia@gmail.com,March,1,1,9,North America,4,9,,
12198,mitchell@gmail.com,March,2,2,14,North America,16,18,,
12199,irvin@gmail.com,March,10,9,81,North America,135,90,,
12200,thomson@xyz.com,March,5,4,28,Asia,80,32,,
12201,blake@xyz.com,March,10,8,56,Europe,152,72,,
